Slot,Current example,Exact original image URL,New image path relative to madeinstone-beta,Placement / note
Gallery 01,Invercargill headstone,"https://static.wixstatic.com/media/d4aff4_9c522512df9b4e7bb0c7a43e3470ff19~mv2.jpg/v1/fill/w_1100,h_900,al_c,q_85/d4aff4_9c522512df9b4e7bb0c7a43e3470ff19~mv2.jpg",assets/visualisations/headstones/headstone-001.png,Gallery card; local image loads when present
Gallery 02,Teddy bears memorial,"https://static.wixstatic.com/media/d4aff4_82d989a557004170a9aa0e96d1471041~mv2.jpg/v1/fill/w_1100,h_900,al_c,q_85/d4aff4_82d989a557004170a9aa0e96d1471041~mv2.jpg",assets/visualisations/headstones/headstone-002.png,Gallery card; local image loads when present
Gallery 03,Memorial headstone,"https://static.wixstatic.com/media/d4aff4_f8f4fa06dce54e749c967c0623f9d6e0~mv2.jpg/v1/fill/w_1100,h_900,al_c,q_85/d4aff4_f8f4fa06dce54e749c967c0623f9d6e0~mv2.jpg",assets/visualisations/headstones/headstone-003.png,Gallery card; local image loads when present
Gallery 04,Detailed headstone,"https://static.wixstatic.com/media/d4aff4_bedc5132127e4fe097a3044b0ece2fac~mv2.jpg/v1/fill/w_1100,h_900,al_c,q_85/d4aff4_bedc5132127e4fe097a3044b0ece2fac~mv2.jpg",assets/visualisations/headstones/headstone-004.png,Gallery card; local image loads when present
Gallery 05,A love of music,"https://static.wixstatic.com/media/d4aff4_276e2ce88422496b9d5659393d1f6e26~mv2.jpg/v1/fill/w_1100,h_900,al_c,q_85/d4aff4_276e2ce88422496b9d5659393d1f6e26~mv2.jpg",assets/visualisations/headstones/headstone-005.png,Gallery card; local image loads when present
Gallery 06,Custom memorial,"https://static.wixstatic.com/media/d4aff4_71cf1f742b1b41a3ae7f4c1dbe278dc0~mv2.jpg/v1/fill/w_1100,h_900,al_c,q_85/d4aff4_71cf1f742b1b41a3ae7f4c1dbe278dc0~mv2.jpg",assets/visualisations/headstones/headstone-006.png,Gallery card; local image loads when present
Gallery 07,Stone memorial,"https://static.wixstatic.com/media/d4aff4_06e415f79620469388b69fda92f290b7~mv2.jpg/v1/fill/w_1100,h_900,al_c,q_85/d4aff4_06e415f79620469388b69fda92f290b7~mv2.jpg",assets/visualisations/headstones/headstone-007.png,Gallery card; local image loads when present
Gallery 08,Granite headstone,"https://static.wixstatic.com/media/d4aff4_fd355f70cb1e4ea7882881ca7fc2c79c~mv2.jpg/v1/fill/w_1100,h_900,al_c,q_85/d4aff4_fd355f70cb1e4ea7882881ca7fc2c79c~mv2.jpg",assets/visualisations/headstones/headstone-008.png,Gallery card; local image loads when present
Gallery 09,A personal tribute,"https://static.wixstatic.com/media/d4aff4_ee668778afb346e5b619b44ab620255d~mv2.jpg/v1/fill/w_1100,h_900,al_c,q_85/d4aff4_ee668778afb346e5b619b44ab620255d~mv2.jpg",assets/visualisations/headstones/headstone-009.png,Gallery card; local image loads when present
Gallery 10,A love of cars,"https://static.wixstatic.com/media/d4aff4_2a70f3bec8e44596a54382fab50a7d84~mv2.jpg/v1/fill/w_1100,h_900,al_c,q_85/d4aff4_2a70f3bec8e44596a54382fab50a7d84~mv2.jpg",assets/visualisations/headstones/headstone-010.png,Gallery card; local image loads when present
Gallery 11,Roses on grey stone,"https://static.wixstatic.com/media/d4aff4_fb9a5e68bd184dd48d1877163e9b5da0~mv2.jpg/v1/fill/w_1100,h_900,al_c,q_85/d4aff4_fb9a5e68bd184dd48d1877163e9b5da0~mv2.jpg",assets/visualisations/headstones/headstone-011.png,Gallery card; local image loads when present
Gallery 12,A crafted headstone,"https://static.wixstatic.com/media/d4aff4_40a900275930410e9976b86a9b488a08~mv2.jpg/v1/fill/w_1100,h_900,al_c,q_85/d4aff4_40a900275930410e9976b86a9b488a08~mv2.jpg",assets/visualisations/headstones/headstone-012.png,Gallery card; local image loads when present
Gallery 13,Eiffel Tower tribute,"https://static.wixstatic.com/media/d4aff4_8fb56ba2ce084dd0a0032552e9a8c376~mv2.jpg/v1/fill/w_1100,h_900,al_c,q_85/d4aff4_8fb56ba2ce084dd0a0032552e9a8c376~mv2.jpg",assets/visualisations/headstones/headstone-013.png,Gallery card; local image loads when present
Gallery 14,Memorial in stone,"https://static.wixstatic.com/media/d4aff4_3850cd0cc01f4391bdbd0a6030020029~mv2.jpg/v1/fill/w_1100,h_900,al_c,q_85/d4aff4_3850cd0cc01f4391bdbd0a6030020029~mv2.jpg",assets/visualisations/headstones/headstone-014.png,Gallery card; local image loads when present
Gallery 15,Hunter memorial,"https://static.wixstatic.com/media/d4aff4_e2b7b462fc72476eb888d4785f45cd88~mv2.jpg/v1/fill/w_1100,h_900,al_c,q_85/d4aff4_e2b7b462fc72476eb888d4785f45cd88~mv2.jpg",assets/visualisations/headstones/headstone-015.png,Gallery card; local image loads when present
Gallery 16,Headstone detail,"https://static.wixstatic.com/media/d4aff4_cf6d21187a5348f0a62bffc46c81c3b0~mv2.jpg/v1/fill/w_1100,h_900,al_c,q_85/d4aff4_cf6d21187a5348f0a62bffc46c81c3b0~mv2.jpg",assets/visualisations/headstones/headstone-016.png,Gallery card; local image loads when present
Gallery 17,Custom memorial,"https://static.wixstatic.com/media/d4aff4_4ce8cfc2e1904e04ba28e0e3ade06624~mv2.jpg/v1/fill/w_1100,h_900,al_c,q_85/d4aff4_4ce8cfc2e1904e04ba28e0e3ade06624~mv2.jpg",assets/visualisations/headstones/headstone-017.png,Gallery card; local image loads when present
Gallery 18,Couple headstone,"https://static.wixstatic.com/media/d4aff4_a29d305fb70a4f4da053e5a9514aa983~mv2.jpg/v1/fill/w_1100,h_900,al_c,q_85/d4aff4_a29d305fb70a4f4da053e5a9514aa983~mv2.jpg",assets/visualisations/headstones/headstone-018.png,Gallery card; local image loads when present
Gallery 19,Hunter plaque,"https://static.wixstatic.com/media/d4aff4_ef47ae1cbcc94e83a98c8eab82aa22ca~mv2.jpg/v1/fill/w_1100,h_900,al_c,q_85/d4aff4_ef47ae1cbcc94e83a98c8eab82aa22ca~mv2.jpg",assets/visualisations/plaques/plaque-001.png,Gallery card; local image loads when present
Gallery 20,Horse racing tribute,"https://static.wixstatic.com/media/d4aff4_eb815b0669d444a099a03e562a867a69~mv2.jpg/v1/fill/w_1100,h_900,al_c,q_85/d4aff4_eb815b0669d444a099a03e562a867a69~mv2.jpg",assets/visualisations/headstones/headstone-020.png,Gallery card; local image loads when present
Gallery 21,Angel headstone,"https://static.wixstatic.com/media/d4aff4_e52e8d2a2f834d41bcfd442739bea34c~mv2.jpg/v1/fill/w_1100,h_900,al_c,q_85/d4aff4_e52e8d2a2f834d41bcfd442739bea34c~mv2.jpg",assets/visualisations/headstones/headstone-021.png,Gallery card; local image loads when present
Gallery 22,Memorial stone,"https://static.wixstatic.com/media/d4aff4_4ee27f25bce94ff4b678c0ab7bc656f3~mv2.jpg/v1/fill/w_1100,h_900,al_c,q_85/d4aff4_4ee27f25bce94ff4b678c0ab7bc656f3~mv2.jpg",assets/visualisations/headstones/headstone-022.png,Gallery card; local image loads when present
Gallery 23,Round headstone,"https://static.wixstatic.com/media/d4aff4_d3d330e92d72414c857e0d8943a215db~mv2.jpg/v1/fill/w_1100,h_900,al_c,q_85/d4aff4_d3d330e92d72414c857e0d8943a215db~mv2.jpg",assets/visualisations/headstones/headstone-023.png,Gallery card; local image loads when present
Gallery 24,Granite memorial,"https://static.wixstatic.com/media/d4aff4_bf720a037c304856851b51661b5865f8~mv2.jpg/v1/fill/w_1100,h_900,al_c,q_85/d4aff4_bf720a037c304856851b51661b5865f8~mv2.jpg",assets/visualisations/headstones/headstone-024.png,Gallery card; local image loads when present
Gallery 25,Weeping angel,"https://static.wixstatic.com/media/d4aff4_6cd381ff12ab48dc91109b2d418eef25~mv2.jpg/v1/fill/w_1100,h_900,al_c,q_85/d4aff4_6cd381ff12ab48dc91109b2d418eef25~mv2.jpg",assets/visualisations/headstones/headstone-025.png,Gallery card; local image loads when present
Gallery 26,Memorial detail,"https://static.wixstatic.com/media/d4aff4_a67f10eef9234b75a064f73a8842ca37~mv2.jpg/v1/fill/w_1100,h_900,al_c,q_85/d4aff4_a67f10eef9234b75a064f73a8842ca37~mv2.jpg",assets/visualisations/headstones/headstone-026.png,Gallery card; local image loads when present
Gallery 27,Koru headstone,"https://static.wixstatic.com/media/d4aff4_53cc5eb410064a03ac8e7d28aae932f1~mv2.jpg/v1/fill/w_1100,h_900,al_c,q_85/d4aff4_53cc5eb410064a03ac8e7d28aae932f1~mv2.jpg",assets/visualisations/headstones/headstone-027.png,Gallery card; local image loads when present
Gallery 28,Unique stonework,"https://static.wixstatic.com/media/d4aff4_09ef7b52f5ca4e85a4e334cb9d2ecea1~mv2.jpg/v1/fill/w_1100,h_900,al_c,q_85/d4aff4_09ef7b52f5ca4e85a4e334cb9d2ecea1~mv2.jpg",assets/visualisations/headstones/headstone-028.png,Gallery card; local image loads when present
Gallery 29,Maiden Stone memorial,"https://static.wixstatic.com/media/d4aff4_551df5601c4f415187a38e87a4870007~mv2.jpg/v1/fill/w_1100,h_900,al_c,q_85/d4aff4_551df5601c4f415187a38e87a4870007~mv2.jpg",assets/visualisations/headstones/headstone-029.png,Gallery card; local image loads when present
Gallery 30,Horse headstone,"https://static.wixstatic.com/media/d4aff4_1739a18a2ad04a30b4b78628c543fa7c~mv2.jpg/v1/fill/w_1100,h_900,al_c,q_85/d4aff4_1739a18a2ad04a30b4b78628c543fa7c~mv2.jpg",assets/visualisations/headstones/headstone-030.png,Gallery card; local image loads when present
Gallery 31,Custom headstone,"https://static.wixstatic.com/media/d4aff4_083ce82c2a334f3b8e733b337afd5d78~mv2.jpg/v1/fill/w_1100,h_900,al_c,q_85/d4aff4_083ce82c2a334f3b8e733b337afd5d78~mv2.jpg",assets/visualisations/headstones/headstone-031.png,Gallery card; local image loads when present
Gallery 32,Flower and butterfly,"https://static.wixstatic.com/media/d4aff4_c76aacdcff144f91ac52ef52c363159f~mv2.jpg/v1/fill/w_1100,h_900,al_c,q_85/d4aff4_c76aacdcff144f91ac52ef52c363159f~mv2.jpg",assets/visualisations/headstones/headstone-032.png,Gallery card; local image loads when present
Gallery 33,Southland headstone,"https://static.wixstatic.com/media/d4aff4_0c81c6074d0641669d94c655dbb40b62~mv2.jpg/v1/fill/w_1100,h_900,al_c,q_85/d4aff4_0c81c6074d0641669d94c655dbb40b62~mv2.jpg",assets/visualisations/headstones/headstone-033.png,Gallery card; local image loads when present
Gallery 34,Monumental stonework,"https://static.wixstatic.com/media/d4aff4_ac5a8880299e4d98b4e977bb24693b29~mv2.jpg/v1/fill/w_1100,h_900,al_c,q_85/d4aff4_ac5a8880299e4d98b4e977bb24693b29~mv2.jpg",assets/visualisations/headstones/headstone-034.png,Gallery card; local image loads when present
Gallery 35,Southland plaques,"https://static.wixstatic.com/media/d4aff4_ecf683fbc4414beca41803c1e182cf9a~mv2.jpg/v1/fill/w_1100,h_900,al_c,q_85/d4aff4_ecf683fbc4414beca41803c1e182cf9a~mv2.jpg",assets/visualisations/plaques/plaque-002.png,Gallery card; local image loads when present
Gallery 36,Duck hunting tribute,"https://static.wixstatic.com/media/d4aff4_5a5b3bb789b747669c4a93d77c1fbce9~mv2.jpg/v1/fill/w_1100,h_900,al_c,q_85/d4aff4_5a5b3bb789b747669c4a93d77c1fbce9~mv2.jpg",assets/visualisations/headstones/headstone-036.png,Gallery card; local image loads when present
Gallery 37,Memorial maker,"https://static.wixstatic.com/media/d4aff4_9eda12b9ddea45039db1ce31e9645c89~mv2.jpg/v1/fill/w_1100,h_900,al_c,q_85/d4aff4_9eda12b9ddea45039db1ce31e9645c89~mv2.jpg",assets/visualisations/headstones/headstone-037.png,Gallery card; local image loads when present
Gallery 38,Custom plaque,"https://static.wixstatic.com/media/d4aff4_f1a9e1b98dd94ca0801fa74b97f9c2d0~mv2.jpg/v1/fill/w_1100,h_900,al_c,q_85/d4aff4_f1a9e1b98dd94ca0801fa74b97f9c2d0~mv2.jpg",assets/visualisations/plaques/plaque-003.png,Gallery card; local image loads when present
Gallery 39,Unique headstone,"https://static.wixstatic.com/media/d4aff4_e07c506bf4bc4d749608ce160de74dfd~mv2.jpg/v1/fill/w_1100,h_900,al_c,q_85/d4aff4_e07c506bf4bc4d749608ce160de74dfd~mv2.jpg",assets/visualisations/headstones/headstone-039.png,Gallery card; local image loads when present
Gallery 40,Headstone design,"https://static.wixstatic.com/media/d4aff4_e3ee4a2a9d3e4e28927dfe5c6cab8185~mv2.jpg/v1/fill/w_1100,h_900,al_c,q_85/d4aff4_e3ee4a2a9d3e4e28927dfe5c6cab8185~mv2.jpg",assets/visualisations/headstones/headstone-040.png,Gallery card; local image loads when present
Permanite plaque,Permanite plaque,"https://static.wixstatic.com/media/d4aff4_0935bf26791a4db8a8ec70bcf05e0499~mv2_d_5616_3744_s_4_2.jpg/v1/fill/w_1100,h_900,al_c,q_85/d4aff4_0935bf26791a4db8a8ec70bcf05e0499~mv2_d_5616_3744_s_4_2.jpg",assets/visualisations/plaques/plaque-004.png,Gallery / category reference
Bronze plaque,Bronze plaque,"https://static.wixstatic.com/media/d4aff4_bac930d5dbd1418dac78b21b88a3bb97~mv2_d_5616_3744_s_4_2.jpg/v1/fill/w_1100,h_900,al_c,q_85/d4aff4_bac930d5dbd1418dac78b21b88a3bb97~mv2_d_5616_3744_s_4_2.jpg",assets/visualisations/plaques/plaque-005.png,Gallery / category reference
Pet ashes casket,Pet ashes casket,"https://static.wixstatic.com/media/d4aff4_bb82c6401cb540c6bc86e62f086c45b2~mv2.jpg/v1/fill/w_1100,h_900,al_c,q_85/d4aff4_bb82c6401cb540c6bc86e62f086c45b2~mv2.jpg",assets/visualisations/urns-boxes/box-001.png,Gallery / category reference
Restoration before,Restoration before,"https://static.wixstatic.com/media/d4aff4_a3648d257abe4467a5247128c96dd469~mv2.jpg/v1/fill/w_1100,h_900,al_c,q_85/d4aff4_a3648d257abe4467a5247128c96dd469~mv2.jpg",,Original factual photograph; do not recreate for before/after comparison
Restoration after,Restoration after,"https://static.wixstatic.com/media/d4aff4_fca2828592194b1e9b6f03453d2afbb2~mv2_d_5616_3744_s_4_2.jpg/v1/fill/w_1100,h_900,al_c,q_85/d4aff4_fca2828592194b1e9b6f03453d2afbb2~mv2_d_5616_3744_s_4_2.jpg",,Original factual photograph; do not recreate for before/after comparison
